修改	我想办理加油包
查询余额	看看我手机有什么收费
开通流量	开通四小时快销包
具实返回	买三十元流量加油包
查询积分	呃包套餐
查询余额	你好麻烦你帮我查话费查流量
开通流量	怎样开通四g流量包
查询本机业务	查一下话费有多少
取消流量	看看我套餐都剩多少
取消流量	话费余额还剩多少
查询月初扣费	在重听一次
开通流量	呃你就给我查一下话费
查询流量	我需要个三十元加油包
查询余额	三月份那个上网费是怎么回事啊
查询账单	怎样办理五十元流量加油包
查询充值缴费记录	我这个增值业务费每个月都扣
查询充值缴费记录	别人话费
查询流量	帮我查一下我的话费还有多少钱
开通流量	我要将我的流量取消掉
查询语音	呃重听一遍话费多少
办理套餐	我的手机我的话本月话费多少余额了基本话费
重置手机	查使用情况
查询语音	就是查话费
查询充值缴费记录	帮我查一下话费清楚
查询套餐及固定费	基础流量包功能开通
查询余额	我的卡还有多少积分
取消流量	把我小时流量包取消
开通	不小心开了一个十元的加油包帮我取消了吧
查询余额	开通我想请问一下我那个查流量才交了一百块
查询余额	我我我问你一下请问一下呃我这个业务七月怎
开通流量	夜间的流量包有什么样的
办理手机充值	我还剩多少话费
开通流量	开通三十元加油包
开通流量	话费查流
办理手机充值	唉刚才那个呃就是讲裁量改诗史查重新接那个
办理手机充值	木本流量信息发过来看还有多少流量
开通	我查给我查下话费
取消流量	呃帮助
开通流量	在话费可有了
查询套餐余量	枢要人工服务
开通流量	给我看看手机密码
开通流量	查一下小时流量包
开通流量	还有剩余的套餐吗
查询流量	怎么买五十元流量加油包
查询流量	三十元国内流量给我开通
开通流量	把三百元基础流量包取消谢谢了
具实转人工	我的短信剩多少
取消	嗯叫话还剩多少钱话费
开通流量	二十元加油包咋办理
查询余额	我要开通五十元国内加油流量
修改手机	我想预约我家的宽带
查询短信	我还剩多少分钟通话啊
开通流量	如何取消国内夜间闲时流量叠加包
查询本机业务	你能帮我转转接人工台服务吗
开通流量	我查这个月话费消费多少了
查询流量	夜间流量咋取消
咨询宽带	我呃我要查询我的流量怎么查询
开通流量	还有多少分钟没有用
查询流量	我想问一下我这个月租多少
开通流量	请问我的流量现在里面目前还有多少
查询余额	我这卡上有什么业务啊
查询流量	一百五十元基础流量包开通
查询余额	我的分钟数还有多少啊
开通流量	帮我查一下还剩多少条短信
取消流量	好短确认
查询账单	帮我查一下话费和流量
查询充值缴费记录	我想重置密码
开通流量	请给我查下
查询账单	夜间流量怎么打开
查询充值缴费记录	我密码是啥啊
办理套餐	开通十元一g流量包发送什么短信
开通流量	我这短信还能发多少条
查询余额	查手机套餐
查询余额	套餐及固定费四十的是这是啥费用
确认1	不是我一下查询我这这个这个这个电话费啊每
查询月初扣费	重听一天的话费流量
查询余额	我怎么改宽带密码
取消流量	融合宽带怎么收费的
查询流量	取消十元包国内流量套餐不是夜间的
重置手机	我充值记录看看
修改宽带	可以取消三十元的基础流量包吗
查询本机业务	嗯先生那个我这个手机现在是欠多少费
开通流量	客服密码是多少
查询语音	帮我转接一下前台坐席
取消	您好十元包一g的流量夜间包可以取消吗
查询余额	话费剩多少了
办理	给我查查流量还有多少
查询余额	我刚才有没有充过话费
查询流量	刚刚办理了五元五百兆
开通流量	我想交点话费
预约宽带	手机号码多少
查询语音	他人代付费是怎么回事
查询语音	查那个剩余通话
查询积分	我在网上办理的五元五百兆在哪里扣费
开通流量	你给我查查有多少积分
查询余额	充多少钱
具实转人工	给我查查还剩多长时间
修改	我想了解一下四g融合宽带
办理	加油包买有三十元的吗
取消流量	开通日流量
开通流量	查询套餐
取消流量	查目前话费
开通流量	查流量里吗
查询流量	怎样开通一百五十元国内基础流量包
查询语音	我这个本机有什么那个套餐及固定费啊
开通流量	给我开个五十元基础流量包
开通流量	优惠套餐还有多少
查询余额	请问那个你能帮我查一下这个里面的呃流量套
开通流量	我定的流量包能给我取消了吧
查询流量	你故障微信嘛它帮我查吗办理加油包
修改宽带	请帮我将六元小时流量包取消
查询余额	帮我查一下帮我查一下我这个话费怎么感觉消
具实转人工	买国内流量
取消流量	我能开通十五g的国内流量业务吗
查询余额	帮助吧
查询月初扣费	能不能取消三十元的基础流量包
咨询宽带	我要一百五十元的流量
查询语音	我手机还剩多少分钟
查询本机业务	怎么办三十元加油包流量
开通流量	重新设一个服务密码
取消流量	小时流量包有哪些
查询	查一下积分有多少
修改	我想问一下子我这个手机现在产生的话费是不
办理手机充值	套餐内电话使用情况
查询充值缴费记录	查下余额
查询月初扣费	我的分钟数有没有了
开通流量	不需要加油包了
查询流量	开通六元小时流量补给包
具实帮助	我查话费话费种哎呀还剩多少钱
查询流量	能把我手机宽带停掉
开通流量	三百元包三十g的全国流量
开通流量	流量海里流量一个g看用没用用多少
重置宽带	我请问一下我那个另外那个流量鱼油余额为的
查询余额	我这张卡有没有积分
查询充值缴费记录	取消十元一g的闲时流量叠加包
开通流量	还有多少钱
查询流量	充人工钱包一g
确认1	查查询宽带密码
修改	我现在都有啥业务
开通流量	我不知道啥是套餐及固定费
开通流量	查话费话费查话费
具实重听	办理二十元
查询语音	重听重听重听
查询流量	噢流量查询
查询流量	想办个五十元全国加油包
查询账单	我要人工服务
查询流量	我问一下我那个套餐那怎么还有那个短彩信费啊
开通流量	查我的话费用了短信接收
修改手机	宽带业务取消
开通流量	我这卡还剩多钱话费
开通流量	刘长营沾染了我取消了
查询积分	请重复我这个手机号码
查询余额	开通二十元流量
查询语音	给我把二十元的加油包取消了
取消流量	呃谢谢那不要了
开通流量	查询多少话费
开通流量	这个月分钟数剩多少
查询余额	服务密码能查到吗
查询语音	我这卡有没有积分
查询账单	十元夜间流量包怎么取消
查询账单	夜间流量取消
具实重听	你好我怎么修改手机卡的服务密码
取消流量	查询一下短信还剩余多少条
查询余额	想查呢
开通流量	确认转接确认
开通流量	我还有多少剩余短信
开通流量	我想改套餐
开通流量	重设一下我的手机密码
查询充值缴费记录	我想把夜间流量给退了
查询	我不需要十元夜间流量包了
取消流量	订恢复包办吧
取消流量	我想包四小时流量
查询余额	为什么我办不了四小时流量
查询账单	查询流量余额
具实退出	查询我还有多少条短信
办理	我想取消基础流量包
查询余额	我办理加油包
开通流量	话费就不对
查询本机业务	我想问一下密码多少
查询套餐余量	本机密钥忘了
查询短信	怎么改宽带密码
查询余额	如何取消一百元的基础流量包
查询语音	请取消我的日流量包
办理	话费话费话费
查询余额	帮我缴费
具实返回	你帮我查查当天的流量包还有多少流量
开通流量	帮我重新设置宽带密码
开通流量	开通一次性加油包
重置手机	还剩多长时间没打了
开通流量	二十元包三百兆全国流量加油包
开通流量	一下已开通的业务
办理套餐	你这里能取消三百元的基础流量包吗
查询余额	请查话费寻查话费请查话费
查询月初扣费	给我查查积分多少
查询流量	卡这个月还剩什么
开通流量	取消流量
开通流量	给我充值一下我的话费
查询	办理结束流量
查询余额	能不能把我的宽带预约下
查询本机号码	办流量套
开通流量	重设下服务密码
取消流量	夜间流量包如何取消
取消流量	你把服务密码告诉我
查询账单	需要确认
查询流量	专用流量包开通夜间流量包
查询充值缴费记录	你好请帮我查下话费
查询本机业务	积分换流量怎么换
办理套餐	怎么办理二十元加油包
查询本机业务	给我查查我的电话费
查询流量	转人工服务行吗
查询流量	我要办理十元一百兆的
开通流量	守时退出啊
咨询宽带	三百的基础流量包不要了
取消流量	我有没有免费的流量和分钟
查询语音	帮我修改下我得密码
查询流量	办理了五元包五百兆流量包怎么不生效
修改	手机流量还有多少
查询本机业务	我想取消十元的加油包
开通流量	想办理个加油包
查询流量	我请问一下你今天晚上我充了话费有多少话费
查询余额	办理三加油包
重置手机	帮我查一下我的账单
查询余额	手机交费
确认1	我分钟数还有多少
具实返回	查流量闪
查询账单	办理上网套餐
取消流量	怎么给我话费我我的话费还有多少
查询余额	查一下手机密码
办理手机充值	那个流量超了可以退吗
查询本机业务	我还有多少分钟数了
查询本机业务	我想办理三十元包一g的套餐
开通流量	我这卡开什么业务了
查询增值业务费	给我看看剩多长时间了
查询本机业务	给我包一起夜间流量
查询余额	二十元包二百兆
查询流量	你能取消我的二百元基础流量包吗
查询本机业务	呃查询一下
取消流量	你给我查询一下话费
办理	十元流量包取消一下
查询积分	帮我查查手机里有什么业务我的手机
修改宽带	忘记宽带密码
查询套餐余量	我充了多少话费
具实返回	如何办理一百五十元四g基础流量套餐业务
取消流量	怎么取消十元一g夜间流量
办理	我只开一天一g的
开通流量	六块钱四小时流量包介绍
查询余额	我咋交话费
重置	我要个三十元加油包怎么办
开通流量	你这里能取消流量加油二十元的吗
查询流量	看下剩余的分钟时长
查询	你能不能取消掉我的小时流量包
查询	我想查下查话费能不能查
具实重听	怎么开通三十元开一g国内流量
查询积分	查话费祝查话费
开通流量	手机话费余额还有多少
开通流量	有个套餐外短彩信费是什么呀
办理手机充值	对那个把那你到查手机给我发到手机
办理	取消二十元三百兆国内数据流量
办理	开通二百元包十五g基础流量包
咨询宽带	请取消我的加油包
办理手机充值	三十元基础流量包取消下月不要了
查询	办那个办那个便宜一点
取消流量	给我查查密码多少
办理	查询值
开通流量	我是不是充值了话费
取消流量	查一下话费
开通流量	查查流查
查询语音	修改我的密码
查询套餐余量	帮我查流量帮我查流量我想开流量
办理手机充值	帮我开十块钱的流量包
重置手机	服务服务查话费好吧
开通流量	说你给我查下话费查还有多少
查询余额	查询其他套餐资费情况
修改手机	我想要取消加油包三十元的
查询积分	请说帮助
开通流量	查询余额呃
查询短信	改宽带密码
查询余额	查询套餐内电话使用情况
查询套餐外上网费	呃流流量流量情况
开通流量	嗯现在我手机里面有什么业务呢
具实重听	办理办理五元流量加油包
查询余额	查询话费查询流量
查询充值缴费记录	开个十块钱的流量
查询余额	将我办理的基础流量包取消
开通流量	帮我查查我积分剩多少
取消流量	本应请你帮我查一下话费和流量
查询余额	喂我的给我你给我查查都是神马业务该收到一
开通流量	七十多啊九百多少啊喂查流量
重置宽带	噢那你给我办了你给我看我怎么使的这个这个
查询余额	我能在你这儿交话费吗
开通流量	喂请再办理
查询余额	查话费查查话费
确认1	给我的流量取消了
取消流量	我这个月怎么花的钱
查询余额	闲时流量包取消
取消流量	充五十元加油包
开通流量	退订服务
查询流量	你查话费吗
重置手机	帮我查查交费记录
修改	帮我查一下流量
查询充值缴费记录	夜间流量在哪开
办理手机充值	流量出省能不能用
开通流量	密码给我查一下
预约宽带	上个月有个补收费是什么
查询流量	我这卡里都啥业务
开通流量	我短信还有多少条
查询增值业务费	人工心肠系
查询余额	我要将我的十元流量包取消掉
开通流量	我需要了解一下我的积分情况
修改	我的剩余分钟数有多少
查询流量	群组宽带是个什么东西
查询流量	可以修改手机秘钥吗
开通流量	我这卡积分多少
开通流量	有五元五百兆的没月
确认1	一g查询
查询套餐余量	办理夜间流量包
办理	流量业物余额多少啊
开通流量	帮我查下我的密码
取消流量	不需要小时流量包了
查询流量	你好有二百元十五g国内流量吗
查询余额	怎么办加油包
预约宽带	密码重置
开通流量	有多少分钟
具实帮助	因为欠费多少啊
查询短信	那你给我转人工服务台
开通流量	你请帮我再查一遍
开通流量	为什么月初一下少了这么多钱
办理手机充值	看看我还有多少分钟了
修改	一百元全国流量包怎么开通
查询	有十元加油包
查询	请你帮我取消加油包
查询账单	我这个话费这
查询	我要办理三十元流量加油包
开通流量	请帮我业务吗
查询充值缴费记录	到幺零零八六发个信息说的我这话费不足十元
开通流量	请预约我家的宽带
开通流量	我查不了
咨询宽带	能不能帮我取消夜间流量
查询积分	看一下我剩多少流量
查询余额	那个才充的家庭卡一个月充值下
开通流量	取消一百元基础流量包
查询账单	我想退掉吧
开通流量	怎么查询剩余流量
办理手机充值	退除
取消	我想把夜间流量取消了
查询积分	还剩多少条免费短信
查询语音	请帮我将周末流量包取消
开通流量	我想了解一下群组宽带
咨询宽带	我的查话费请查话费余
咨询	本机还有多少话费我的手机我不会接短信
查询余额	帮我预约我的宽带
修改宽带	办理加油包五块钱的加油包
查询流量	我想请问一下流量加油包怎么办
具实帮助	办加油包
取消流量	分钟剩多少时间了
取消流量	呃我就是交了五十块钱话费可有了
查询余额	给我开个五十的流量包
开通流量	改手机密码
查询积分	查一下我能办理的十元日流量套餐
修改手机	加流量包
查询语音	我话费余额我我我的话费还有多少钱啊上面
查询账单	我要取消掉
修改	话费行相助
查询积分	我想查一下我的国内流量还有多少
办理手机充值	你能不能取消掉我的加油包
开通流量	什什么业务暑热吗
取消流量	帮我改个密码
查询积分	刚才定的夜间流量怎么取消
查询本机号码	夜间流量套餐都有什么
查询本机号码	呃五元包三十兆
查询本机号码	我校请你还有多少元
开通流量	开个三百元流量
取消流量	三十元流量套餐包有哪些
查询余额	还有通话分钟吗
取消流量	我要查消费情况
查询余额	我的套餐为什么有一个十元的夜间包我之前包过一次不是时间到了自动取消么
具实退出	开通五十元流量加油包国内
查询月初扣费	查阅充值
取消流量	请你帮我查一下流量
查询流量	我的密码忘了想重新获取一下
开通流量	我查我的流量还有多少
查询积分	分钟数还有多少剩余
查询短信	我刚存的话费到账了吗
开通流量	今个的嗯一百二十余额一没
查询余额	办理夜间流量
查询	看我余额剩多少
查询套餐及固定费	宽带资费介绍
咨询宽带	查一下剩多少流量
查询余额	不是我我得交交姝一位叫就是给我送余额附言
查询本机号码	查一下流量重听
开通流量	我想问一下什么加套餐外流量
修改手机	你们移动的单品宽带是个什么玩意
查询余额	我这卡都开什么业务了
开通流量	开通五元流量
查询流量	我不想要加油包了
查询积分	嗯咨询服务
取消流量	有一百五十元十g的流量套餐吗
取消流量	我想问一下我这个到底欠了多少我充了一百五
查询套餐余量	查一下我的流量
办理手机充值	流量查一下
查询充值缴费记录	转人工了
预约宽带	查下话费余额
具实转人工	取消一下十元的流量包
取消流量	给我开五十元加油包
查询流量	分钟数
查询积分	我的话费还有多少呢
具实转人工	取消夜间包十元一个
办理手机充值	本机话费
查询增值业务费	我都开通啥业务了
查询余额	还有多少通话时长
修改手机	帮我查一下已开通的业务有哪些
查询本机业务	我想查一下我还剩多少流量
具实转人工	短信如何开通三十元一次性加油包
开通流量	话费余额里
查询流量	重置本机密码
办理套餐	开通七十元三个g的流量
查询积分	怎么通过手机交话费
查询本机号码	现在咋剩五块钱
开通流量	我现在短信剩多少条
重置手机	剩余的流量以及分钟数分别剩余多少
取消流量	你好帮我查下话费
查询短信	查一查
查询语音	查上网使用情况
咨询宽带	套餐剩余情况
查询余额	怎么开通国内流量包
取消流量	我分钟数还有多少啊
查询	看看我的卡里还有多少免费的短信
查询余额	修改服务密码
取消流量	还剩多少通话时间
查询账单	帮我查询流量还有多少
取消流量	我有多少积分
查询余额	查查我的剩余短信条数
修改	我想改宽带的密码
查询余额	本卡都有什么业务
查询余额	你好请问夜间流量是什么样的可以介绍下吗
开通流量	重复没了
查询余额	流量费办理
开通流量	我就只问你让我重说办理两个那个那个啥在福
查询套餐余量	喂喂喂查流量
办理套餐	重听一遍笨蛋
查询积分	我这个月消费多少
办理手机充值	谢谢啊再帮我查一下话费
查询积分	帮我看看密码是多少
具实转人工	查密码
开通流量	分钟数还有没有
开通流量	有五十元的流量包吗
查询账单	十元一g国内流量闲时叠加包如何取消
修改	查询当前余额
查询余额	我查询
查询账单	套餐还剩多少了
查询本机业务	查流量短信讲话查流量短信讲话
重置	不需要退出啊谢谢
查询语音	取消十元国内夜间流量
开通流量	开通一个六元小时流量包
重置	我手机密码是多少
修改	我现在还有多少话费了
查询语音	可以帮我把五十元基础流量包取消吗
开通流量	协议消费差额那个是什么
查询余额	你好帮我开通二百元国内基础流量包
查询积分	我想办五十元流量加油包
查询余额	套餐还有多少
办理套餐	帮我充一下流量
具实转人工	办流量套餐
开通流量	请查积分
办理手机充值	宽带密码忘记了怎么办
查询余额	给我给我查下话费
查询余额	我想把夜间流量退订怎么办
查询流量	噢手机改套餐
修改手机	你上网查询
具实重听	查话费一直在聊加油的人啊
查询余额	有积分么
具实转人工	查询手机号码
办理手机充值	流量话费查询叙叙
查询流量	办理加油办理加油包
办理手机充值	帮我查一下话费话费余额
查询月初扣费	多少的就查话费谢谢啊
查询流量	查查会用
取消流量	给我看还有多少流量
查询本机业务	帮我查一下我的流量还有多少
开通流量	查流量的使用情况
查询余额	给我改一下宽带密码
重置宽带	办十元一百兆
查询余额	给我查询话费剩多少
查询套餐余量	修改宽带密码
查询本机业务	流量查询嗯
查询短信	怎么发短信包十元一g短时流量
查询短信	我想加一个二十元钱的流量包加油包
查询余额	我要取消十元流量套餐
查询流量	呃基本月租好吧
查询充值缴费记录	群组宽带如何收费
修改手机	这个月怎么扣了三十块钱的短彩信费
开通流量	我号码都有什么业务
开通流量	办理半年的
办理手机充值	重置我宽带密码
开通流量	我不用了谢谢
开通流量	是三百元包三十g的吗
开通流量	办理加油包
开通流量	开通十五g的国内流量套餐怎么开
开通流量	我想查一下我有没有交过话费
重置	给我超薄话费小语查查话费就行啊
查询流量	我退流量
查询本机业务	四g流量办理
查询	我这个月话费怎么扣的
开通流量	开个三十元的流量
办理手机充值	我的话费余额剩余多少
具实退出	我要我要退订那个套餐我要退订那个就是我套
取消流量	查一下我的话费余额
查询余额	我都开通了什么
查询流量	我查一下话费查一下话费
办理手机充值	我的消费不正确
开通流量	找人工服务台
查询流量	是三十元包一g的吗
查询流量	能不能有清单打到手机
查询余额	司法所查什么
开通流量	给我查询流量
办理	我的套餐现在是不是到时间了
开通流量	我需要个二十元加油包
具实帮助	去确认
开通流量	你这里有话务员吗
查询语音	开通五十元基础流量包
查询余额	给我查流量
具实转ivr	这卡还剩多少分钟通话
查询充值缴费记录	我要办理一百元
查询流量	我哪一种也不办你你帮我查一下我的月租每个
查询余额	我都开通了啥业务
开通	一条还有个人工服务你得到位点用户嘛你这卡
开通流量	交一下话费
查询	还剩多少话费
查询流量	不需要退出
查询余额	五十元的基础流量包取消不要了
修改手机	给我查查剩多少分钟
查询余额	协议消费差额是什么东西
取消	我这卡里都有什么
开通流量	话费我
办理	你好我当月的余额还有多少
查询余额	帮我重置下密码记不清了
办理手机充值	四g融合宽带是什么宽带
开通流量	话费短信
查询余额	短信怎么办理六元小时流量
查询余额	十g流量包办理
具实帮助	咪咕阅读怎么退订
办理套餐	开通一百五十元流量叠加包
开通流量	给我查查话费余额
查询余额	我张卡有什么业务
开通流量	没有了需要问一下这个冶山业务
查询流量	我想修改下我的宽带密码
开通流量	办十十元
办理套餐	查流量骛
取消	帮我看看积分多少
查询流量	纪楼转人工
查询余额	改一个我能记住的密码
查询余额	我要二百元的流量
开通流量	谢谢你查看流量
咨询宽带	七月十五号账单
咨询宽带	本查询
取消	呃就是返回吧
查询语音	我还可以用多少流量
取消流量	我这个都扣什么钱
查询语音	查查宽带密码
咨询宽带	查询星级我是三百起
查询流量	国内通用的加油包有什么样的啊
开通流量	给我看看还剩多少流量
查询流量	帮我查询卡的充值记录
取消流量	查一下话费还有多少钱
开通流量	剩余分钟数和流量都有多少
修改	我这手机查益达的通话中医大一统画种我这一
具实帮助	短信剩余多少
修改	他妈一干啥帮我查下话费可以
查询语音	月套餐是多少
开通流量	好查话费查流量会说话吗
开通流量	给我重新设一下服务密码
查询语音	唉是送的我我我有那些你你查一查不到我我问
开通流量	我现在手机有什么业务
查询充值缴费记录	如何办理一百五十元基础流量套餐业务
查询余额	返回花费返回
查询流量	没有了查话费就查话费起来
查询余额	查话费余额
查询余额	我要取消五十元的加油包好吗
修改	短彩信费是个什么鬼
查询流量	帮我查一下余额余额多少流量有多少
开通流量	开通九元四小时流量包
查询余额	我接一下人工服务台呢
修改宽带	通话分钟数还有多少
查询余额	帮我查下话费多少
查询账单	查一下我的流量还剩多少
查询余额	套餐内的都剩多少了
查询余额	查一下我的流量还有多少这个月
取消流量	查询预存话费
开通流量	请查询下我的话费
查询本机业务	请求帮助请求帮助
查询账单	这卡密码是啥啊
查询流量	措手重说一下人工重说
开通流量	如何开通一百五十元包十g国内流量
具实转人工	我查询流量
预约宽带	密码怎么修改
查询语音	我这办理查话费
取消流量	帮我查一下帮我查一下余额
查询余额	是人工服务吗
取消流量	我我我的话费还剩工商局啊
开通流量	帮我十元我十
查询流量	手机现在还有多少钱
查询	我这个月怎么扣费的
办理手机充值	帮我查一下我得话费
开通流量	怎么修改我的手机服务密码
查询余额	我还剩多长时间通话了
开通流量	喂你好请问一下我现在一个月的流量有多少
开通流量	你能直接给我开一个五十的加油包吗
查询月初扣费	嗯我查询一下我的我办理的业务
查询流量	宽带给我取消掉吧
查询余额	怎么定流量套餐
咨询宽带	我的返回服务
查询账单	加流量微信请你请你横越吧
开通流量	可以给我开一个二十块钱的流量包吗
查询余额	查查我这个月扣多少钱
具实重听	想办国内流量的加油包
开通流量	开通七十元流量套餐
咨询宽带	我有充值卡怎么充值呀
取消流量	好其他不需要好谢
办理	加油包办理我可以余额用吗可以用流量吗
开通流量	我需要当月流量
开通流量	我这张卡的密码是多少
查询语音	帮我帮我查一下流量
重置	请问一下我办办理了哪些哪些业务
修改宽带	帮我查查话费
开通流量	现在开通二百元基础流量包
开通流量	查流量住住
查询余额	取消夜间流量怎么办
取消流量	帮我查一下这个月的话费用了多少
开通流量	这个语音通信费是什么东西啊
查询本机号码	十月一g夜间流量包怎么开
办理手机充值	我想查查充值记录
查询增值业务费	退出信息吗嗯退出
查询流量	重听流量
开通流量	我上次充两天充了两百块钱现在还有多少钱啊
查询余额	手机里面还剩多少钱发信息过来
查询	操作取消七十元基础流量包
查询余额	我的每月月租是多少啊
重置	我要开流量
开通流量	给我查一下我的话费
查询流量	看我这个月花多少钱
取消流量	短信多少
查询语音	呃查话费
办理	我想要本机号码的服务密码
具实重听	十元国内流量加油包包多少
预约宽带	我的话费还多少
查询流量	帮我把夜间流量取消一下
查询	我订的基础流量包取消了吧
查询流量	确定
查询余额	给我开加油包
具实帮助	修改一下我的宽带密码
开通	帮我办理十块钱流量
查询余额	订的四小时流量包什么时候到
办理	想要二十元流量加油包
查询流量	我头天重听
开通流量	我都开通哪些业务
开通流量	请问我的流量是多少
查询流量	我想开通七十元国内流量怎么开通呢
查询	帮我看一下剩多少钱
查询	我查一下积一分
咨询宽带	我想请问一下省内流量还有多少
开通流量	开通基础流量包方式
开通流量	更改话费套掺
查询月初扣费	十元日流量套餐办理
查询余额	我问你一下就我问一下就是我这个话费我就是
办理手机充值	我有结转流量吗
办理手机充值	你可不可以取消我的小时流量包
开通流量	还有多少剩余分钟数了
查询余额	我想查查有多少话费
查询流量	我查我的话费有多少现在
办理	看看我这手机办理了什么业务
查询本机号码	摊位费余额吗
查询本机业务	我的积分多少
查询余额	七月帐单
查询账单	给我查查这个扣话费你给我开通什么了里边
查询账单	看看我剩多少流量
取消流量	查一下我卡有什么业务开通了
开通流量	服务密码在那里改
查询充值缴费记录	手机也能充话费吗充一下吧
重置	闲时流量如何取消
取消流量	月初扣费
开通流量	给我查询一下手机密码
开通流量	宽带手机缴费呢
开通流量	流量还有索要查下流量
查询本机业务	帮我查下积分
咨询宽带	初始密码忘了
查询余额	修改密码拾音器
查询余额	四g融合宽带是什么你给我讲一下
开通流量	你能帮我开一个基础流量包吗
查询积分	查询截止目前积分多少
开通	办二十元流量加油包
取消流量	我办理的十元加油包不是流量包
查询余额	要欠费了想充点话费
查询流量	十元包通用加油包
查询积分	嗯请问一下我当前话费是多少还有一个这块的
查询本机业务	开通夜间流量
开通流量	查不用客气了
查询余额	我查流我查我这个微信码怎么搞的一万用法打
开通流量	我要取消流量包
取消流量	看看我流量还剩多少
修改	看我这个这个那个号码那个长款是什么套餐
咨询宽带	宽带密码改
办理手机充值	查话费查话费给我话费查一下
办理手机充值	你知道取消七十元基础流量包的方法吗
查询流量	十元加油包订成功了吗
查询余额	加二十元加油包
查询余额	你知道怎么取消一百五十元基础流量包吗
取消流量	呃请问一下就是我想五块钱包邮流量
取消流量	能不能帮我重置下宽带密码
开通流量	你好从哪里进入购买五元五百兆两天的流量包
查询充值缴费记录	查下那个话费那个账单
具实返回	而且两个井不听了一个月好查我查
开通流量	我想查我想改订我的手机
查询语音	手机费还有多少
具实返回	问一下欠费没有我的卡
查询余额	莫名其妙办了一个三十元的加油包给我取消了我又没用
查询账单	帮我查一下子话费
查询充值缴费记录	呃喂你好我流量还有多少
查询语音	请你帮我查流量好嘛
开通流量	量查询
查询充值缴费记录	介绍下七十元的基础流量套餐包
查询本机业务	给我查询下交费的记录
办理手机充值	看看我近期的充值记录
查询流量	我这个月没有优惠减免吗
开通流量	看我手机号里有多少积分
查询流量	不帮助了
开通流量	查询查询那个你也可以通话时长还剩多少
查询短信	话费查话费报本机你到移动的
取消流量	嗯直业务查询
开通流量	你帮我不
查询余额	三联学校查询九八
办理套餐	没有了就是查查业务现在都是什么业务
查询充值缴费记录	怎么办十元加油包流量
查询流量	这方面的十块钱微信啊还有欠费音乐你你帮我
开通流量	业务清单业务清单
查询流量	帮我转一下人工台
修改手机	流量查询流量查询
取消流量	呃确认充值卡充值
开通流量	看我有多少积分
查询余额	我的流我的流量不够用你怎么加油打折么贾呢
办理手机充值	不是我刚刚包了六十块钱的六个g流量
取消流量	我要取消之前的办理业务的流量
开通流量	确认谢谢你啊谢谢你啊确认
具实返回	话费还有没有有多少
查询	看看我手机密码是多少
查询语音	怎么取消十元包一g夜间闲时流量包
查询余额	三位优惠流量是怎么办理
开通流量	我这个月都缴了多少钱
取消流量	可以取消一百五十元的基础流量包吗
具实重听	我的手机号码是多少
取消流量	麻烦你帮我查下流量流量
开通流量	查一下我这个移动卡的积分
查询账单	看看我的积分多少
查询余额	取消基础流量包七十元的
查询账单	办个二十元流量加油包这个月的
查询流量	查审理脖子服务退出
查询余额	请问剩余内疚夜里校阅二十元号码流量语音二
查询流量	如何定流量
查询语音	我剩多少钱话费了呀
查询流量	我想开通一百五十元的流量包
查询余额	呃套餐使用情况
取消流量	咨询就位手机费多少钱的不对啊
办理手机充值	充q币办理加油包
查询短信	你看看我充值到没到账
办理手机充值	查一下话费到账了吗
查询语音通信费	月租情况月租
查询套餐余量	开通一下二百元基础流量套餐
查询	开通流量包
查询流量	怎么有流量费啊
办理手机充值	查到了
查询流量	看看我话费有多少
开通流量	看看我的结转流量
查询套餐余量	想用积分兑换话费
开通流量	看看我的话费
具实重听	查过
开通流量	帮我查询一下我短信还剩余多少
开通流量	流量好查流量
办理手机充值	办理六元国内流量小时包
办理手机充值	取消十元夜间流量包
查询余额	确认给我转人工服务
查询余额	我需要加我需要幺加流量
取消流量	退出吗袋寄老是
办理手机充值	要不要办理
查询本机号码	你们这里有人工吗
查询语音	本机密码是多少
取消流量	我为手机缴费
开通流量	夜间流量包下个月怎么取消
开通流量	看一下宽带预约
办理手机充值	在哪里缴费
开通流量	查化费
取消流量	帮我转接你们客服
修改手机	多少取消目眩可在一起莱特选项不五十界别怎
查询余额	如何取消十闲时流量套餐
查询余额	是我想查一下我每个月的套餐是多少
开通流量	我要买流量
取消流量	我想安一条宽带
具实退出	这个月我都消费什么了
咨询宽带	查询剩余的分钟数
具实帮助	充值呢
修改宽带	话费剩余多少
查询流量	取消月薪流量包
开通流量	不需要基础流量包了
取消流量	用银行卡交费
查询余额	如何办理十元一g当天用的
查询本机号码	查查询ok
开通流量	我想我想我想查话费
查询本机业务	宽带密码能帮我改一下吗
办理	4G融合宽带资费
查询语音	我想取消三十元的加油包
修改	贴画人工台
取消流量	我要办理流量加油包呢
查询语音	麻烦给我查一下呃这个月的流呃流量还剩多少
开通流量	我想查一下手机话费余额有多少
修改	你本来查询业务你这个你这个信息有什么用那
查询	呃查下我话费还有多少
开通流量	重听我还没查我打了一个不好
开通流量	查流量我靠
查询	我的手机语音交费了怎么还没到账我家里的捡
查询充值缴费记录	我流量剩余多少
取消流量	把我宽带密码改一下
办理手机充值	查查套餐还剩多少
开通流量	帮我看下剩余积分
取消流量	给我取消基础流量包
具实重听	查询我的交费记录
查询	多少的话费有关
取消流量	给我查查我的密码
查询余额	我有什么套餐啊
查询余额	我这我的余额我这现在这个月用了多少钱月租
具实返回	开通重听
查询流量	这个服务密码怎么修改
查询语音	我他二十我这个流量就给我开什么开通什么东
查询流量	我有多少流量转到这个月
开通流量	手机密码找不到了怎么办
查询	将我办理的日流量包取消
修改宽带	帮我开五十块钱的流量包
具实转人工	我想改我的宽带密码
查询流量	立即办理
查询余额	查余额小语小语你好我的手机我怎样才能提高
开通流量	帮我看看余额是多少
开通流量	给我查流量查流量
取消流量	查一下都有啥业务在开通
开通流量	开通一百元五个g的流量
查询积分	那还是转人工吧
查询	查询都有什么业务开通
取消	宽带改密码
查询语音	查别人的话费可不可以
查询积分	帮我看看还剩多少话费
查询余额	请你帮我取消十元夜间流量包
查询充值缴费记录	我的话费啊
查询余额	融合宽带多少钱
办理	我要办理国内流量包
查询流量	我要查我手机还有多少钱
开通流量	我要九块钱的流量包
查询	三百元的基础流量包取消不要了
开通流量	嗯办理二十吧
查询短信	是不是查询话费多少呢
查询余额	十元的加油包是个什么玩意赶紧给我取消的
开通流量	怎么样才能查询到自己名下的手机号码
查询	我充值的话费到账了吗
开通流量	加个流量
查询余额	剩余多少流量和分钟数
具实帮助	怎样开通二百元国内基础流量包
开通流量	看我交没交过话费
查询流量	加油包办理加油包
查询账单	三位数是多少话费
确认1	我要取消周末流量包
具实返回	短信还能发几条
查询语音	给我预约宽带
具实帮助	流量余额
开通流量	订购加油包
取消流量	这张卡都开通什么业务了
取消流量	呃办理加油包
具实转人工	要怎么办理查给我办理
具实转人工	呃查一下话费啊
查询流量	如何办理流量加油包
取消	开通一百五十元基础流量的方式
开通流量	进入小时流量包业务查询
开通流量	我需要将二十元流量包取消
咨询宽带	买二十元流量加油包
具实返回	帮我查下话费机
查询余额	帮我办加油包
查询	我要查询积分
开通流量	六块钱小时流量包短信怎么开通
查询余额	我的流量还有没有
查询流量	帮我把二百元的基础流量包取消了吧
重置手机	给我取消了那个五十元的加油包不想要了
取消流量	我这张卡都开了什么业务
查询账单	办流量包
查询短信	查询本机手机号码
开通流量	查一下我的卡都开啥业务了
开通流量	我这张卡开了什么业务
取消流量	我能开通五十元二个g的国内流量吗
取消流量	上个月结转过来多少流量
查询流量	确认人工
办理套餐	我还剩多少分钟数了
查询余额	改密码转人工
查询本机业务	二十元国内三百兆流量包开通
查询套餐外上网费	订购了四小时流量包怎么没显示
查询余额	开通三十元包国内五百兆流量加油包
具实退出	夜间流量套餐怎么取消
查询余额	我想办理一下流量包嗯
查询本机业务	忘记初始密码怎么办
查询套餐余量	那没人接听都是好好那谢谢你啊返回
开通流量	帮我交下话费
查询本机号码	查查剩余分钟还有多少
查询	取消十元一g的夜间流量包
修改宽带	可以帮我把那个夜间流量套餐取消了吗
开通流量	停止退出吗
查询余额	本机流量还剩多少
查询充值缴费记录	开个五十元每月二g流量
查询流量	加油包买有十元的吗
开通流量	我现在一个月的好流量套餐还有多少
查询套餐余量	号码查询
查询流量	重置下我得宽带密码拜托了
查询流量	我要查询我积分总数
查询短信	我手机都开通了什么业务
具实帮助	我想问一下我的手机里面是不是有别的那个业
开通流量	呃我想流量特惠包
查询本机业务	查一下这个月短信还有多少条
取消	开通国内基础流量
查询余额	我想修改个密码
开通流量	我卡都开啥业务了
查询短信	开通七十元三g
查询流量	查流量喂查流量
开通流量	我要一百元的流量
具实退出	帮我修改一下密码
查询	三十元包一g的流量
具实转人工	帮我查下余额
查询	我想修改一下宽带密码
取消流量	我这个月充了多少钱
取消	查流量以
查询余额	退订流量包退订流量包
查询余额	返还话费查询
开通流量	怎么样才能取消流量包
办理套餐	查话费查话费的
开通流量	还有剩余短信吗
查询语音	五元五百兆两天包怎么办
查询本机业务	有二天短时包吗
查询流量	我不要周末流量包了
查询流量	给我开个三十块钱的流量包
办理手机充值	要听帮我
咨询宽带	看我充没充值成功
开通流量	就是查一下那个六十四了吗那个话费嘛一个月
查询余额	嗯查查话费
开通流量	修改密码或者从设密码
开通流量	怎么取消国内夜间流量
具实转人工	看看我话费
查询流量	把我的夜间流量包取消了
查询余额	他刚才让我呃余额话费余额
查询账单	嗯你好我要办理五十元基础套餐
查询余额	俺加油包庇办过了么
查询流量	给我查查本卡流量剩余
查询充值缴费记录	我手机密码忘了可不可以帮我重新申请
具实转人工	请给我查一下查一下我的话费还有多少
开通流量	手机叫手机手机缴费怎么缴
查询积分	套餐查
查询本机业务	查喂
开通流量	我这个有一个什么短彩信费能取消吧
查询协议消费差额	我刚才查了一下还有一个套餐外语音通信费这个什么时候有的
取消流量	富豪查询
办理	帮我查一下手机加入黑名单啊
查询余额	这个协议消费差额是怎么来的
取消流量	我这卡都有啥花钱的业务
查询流量	帮我加流量
查询余额	套餐固定费什么
查询	转入银行卡充话费
查询语音	好请说返回吧
办理套餐	查话费一张手
开通流量	话费通话套餐处理
查询余额	手机号码查询手机号码密码查询
开通流量	开通二百元国内流量
开通流量	我想查询一下话费余额
查询本机业务	取消夜间流量包亲
查询短信	退退出
查询余额	查流量查夜里查流量呢
查询流量	我要更改宽带密码
修改宽带	我想改一下宽带密码
查询短信	我这个积分有多些
查询余额	我的话费剩多少
查询本机业务	查我的手机最近用了怎么套餐没有或者是怎么
具实帮助	人工给我
查询余额	你们有三十元的流量包吗
查询	开通流量加油包
查询流量	五十元包二g
查询协议消费差额	你能帮我开一个一百五十元基础流量包吗
查询本机号码	话费不是一共本机
查询语音	查话费查查一下
查询语音	我这个卡怎么消费的
开通流量	手机积分在哪查询
查询余额	我密码忘了怎么设置
查询	五十元一g流量加油包开通
具实返回	办理一g六点包
查询余额	给我取消了那个二十元的加油包不想要了
取消流量	我的手机开了哪些业务
取消流量	我还能免费发多少条短信
取消流量	查一下我的短信包
修改宽带	查一下分钟数有多少了
查询账单	帮我查一下流量该行
咨询宽带	了解更多业务范围
开通流量	宽带密码咋改
查询余额	查话费叠加呢
取消流量	群组宽带给我介绍下
查询账单	就办理五十五分海航的五十元的一个月一个g
开通流量	开通二十元加油包
查询账单	把我主楼帮我把我查话费一下
重置	我去省外一天怎么开通流量
取消	呃我想问一下话费可是流量的这个月的流流量
具实转人工	给我查流量给我查流量看我剩下要剩多少流量
取消流量	查流量呃
查询余额	能不能查一下我的密码
查询余额	我这是什么卡好嘞查一下
查询余额	里面是多少我上次充一百块钱不见了
查询流量	开通一百元国内基础流量包
查询流量	查查流量使用情况
查询账单	喂我手机缴费里套餐么六块可以外一月的
办理	你办给我看看话费还有多少然后在电影院
具实转人工	咋交话费
开通流量	请再说一遍吧
开通流量	喂查余额呃你好我只想知道我的流量还剩多少
开通流量	我电话费都花哪了
查询余额	开通六元四小时加油包
查询流量	噢你帮我帮我退了刚才我孩子订了那些东西都
开通流量	你这个机器人管不管流量办理人工不行吗
开通流量	请帮我办理一下加油帮我下请帮我办理一下流
具实帮助	如何修改密码
查询	我想我想问一下我现在流量已经超了我现在没
查询本机业务	帮忙取消夜间流量吧
查询余额	麻烦给开个二百元基础流量
取消流量	我分钟还有多少了
查询短信	我都开啥业务了
查询短信	帮我这一个月流量还超多少兆
开通流量	怎么样修改密码
确认1	你看一下请查一下这个手机号欠不欠费
查询	他人代付费需要我交费吗
咨询宽带	话费和流量请发送短信
查询余额	我要改一下手机密码
查询余额	喂请给我办理流量
查询余额	查询改找了要外人感觉特别吸墨纸兜里
办理手机充值	流量用了多少
查询语音	帮我查询一下消费情况
查询充值缴费记录	帮我查看我的额外额外套餐
开通流量	我想问一下我这手机里边是不是欠费了
开通流量	我办理一下加油包都有多少的
查询短信	呃手机缴费
查询流量	查询本卡剩余多少话费
查询套餐外短彩信费	把我呃服务业务这个月欠费额度啊
查询余额	流量祥情
查询余额	给我充值话费用充值卡
查询短信	帮我重新修改一下密码
办理手机充值	我想把我这个流量套餐改一下
开通流量	查一下子话费
查询流量	查一下六月底的
开通流量	本机密码不记得了
查询充值缴费记录	包个七十元的流量
查询流量	拿开再查帮我十块钱这样一个优惠洋溢一种上
开通流量	我需要知道我的生动我需要知道我的电话号码
查询套餐及固定费	需要需要给我查查话费
查询流量	充五元流
查询余额	我想找一下人工
查询余额	五十元可以开多少国内流量
开通流量	宽带的资费给我介绍一下呗
查询本机业务	查询本卡都有哪些业务
查询积分	修改一下我的密码
查询本机号码	剩了多少分钟
办理	喂喂重复了
查询账单	呃我是这我能流量包去掉去掉把那个那里一下
查询充值缴费记录	查询么
咨询宽带	话费啊
查询流量	余额话费有没
查询充值缴费记录	我的剩余流量还有多少
开通流量	三十元流量套餐如何开通
查询账单	我这个月话费还剩多少
取消流量	查一下我手机的服务密码
取消流量	把那个流量包把来流量包的信息发来
查询账单	小马交费啊
开通流量	客服查询
开通流量	我还剩多少时间没打
具实帮助	人工关智能卡的心情不好
查询余额	看看我的话费交上了吗
具实重听	敢不敢把单品宽带给我介绍一下
查询本机号码	宽带充值是吧
查询短信	零二多少钱话费
查询本机业务	加油包办理
查询本机业务	帮我查一下宽带密码
查询余额	还有多长时间
查询余额	余额
开通流量	帮我查一下话费交上了吗
开通流量	怎样取消十元一g闲时流量叠加包
查询流量	帮我查一下我的话费多少钱
修改宽带	我卡的密码是多少
重置	取消闲时流量叠加包
具实返回	月租吗
取消流量	我密码是多少
查询充值缴费记录	请问电话费还剩多少钱
查询月初扣费	返回吧谢谢
查询积分	请问一下我这手机里面欠费多少钱
查询积分	谢谢不要呃那个我这个话费怎么这个月用了这
查询	查询一下我的服务密码
开通流量	本机密钥重置
开通流量	重听人工
查询余额	充话费报开
查询余额	帮我帮我查费
查询套餐外短彩信费	给我修改个密码
查询流量	你给我看看剩多少分钟
查询余额	就查流量查流量我的流量怎么用这么快
取消流量	怎样开通一百五十元四g基础流量包
查询本机业务	我想设一个新的密码
查询流量	我上面多少钱
查询余额	电脑在哪里更改服务密码
查询充值缴费记录	给我的密码改了
查询余额	查话费话费
办理手机充值	充值中
查询本机业务	我想开通二百元的流量包
查询本机业务	我要查话费剩多少了
取消流量	查询一下剩多少分钟
开通流量	交费噢
查询余额	把我基础流量包取消
具实转人工	我的查询密码是多少
办理手机充值	手机缴费呗
查询积分	我要关闭十元流量包
开通流量	我能用银行卡给手机交点话费吗
查询充值缴费记录	确认一
办理套餐	我想查我流量剩多少
重置	给我查询剩余多少流量
开通流量	这张卡开通什么业务了
查询余额	四g套餐一百元包五g数据流量如何开通
开通流量	退出废物
重置	查五月份的账单
查询本机业务	我不知道我的密码
查询他人付费	我还有多少条信息
开通流量	怎么查流量
开通流量	办理是我看流量包
具实退出	我重听
取消流量	给我转一下客服代表
办理套餐	套餐剩了多少
查询余额	人工接听
办理手机充值	手机密码没有了你发一个
查询流量	跟办理吗
具实帮助	吗查流量
开通流量	我现在想想了解我现在这什么是什么套餐服务
查询账单	五元充值照物
办理手机充值	查查流量花了个人消费情况啊
开通流量	我查流量充话费
开通流量	剩多少套餐了
查询余额	话费一g流量查询查询
开通流量	我想开通流量包
查询余额	喂流量查询
开通流量	还有多少话费啊
查询流量	你本来我的返回了
查询本机业务	这个卡办啥业务了
查询流量	我要开一百元五g国内流量
开通流量	我想办理一个五十块钱一个月的套餐
开通流量	我的积分还有多少
查询流量	业务账单
查询账单	给我看看流量剩多少
取消流量	业务清单服务
办理	开通一百五十元包十g流量包
查询余额	剩多少分钟
查询	开通一百兆的加油包
查询余额	开流量抢那个十八及时美梦改
查询余额	查一下还剩多少条短信
取消流量	是有余额那怎么要听金沈能发号了他不是还可
取消流量	历史账单
办理	我要一个三十块钱的流量
开通流量	我想查询流量查询
具实重听	短信发送余额
具实重听	查一下话费余多少
办理手机充值	月初扣款
查询协议消费差额	我就查这个月的
取消	你给我看看我密码是啥
具实帮助	有没有没有查话费
修改宽带	欠费
查询账单	查查号机可以了谢谢你
办理手机充值	办套餐
开通流量	查询网
查询套餐外短彩信费	话费还剩多少了
开通流量	有十元国内流量加油包么
开通流量	有七十元的流量吗给我开一个
办理手机充值	查询剩余分钟数
查询本机业务	呃我跟你说现在我查流量
开通流量	你能帮我取消一下二十元流量包
查询套餐及固定费	查我的充值缴费记录
具实转人工	我咋能给手机交话费
开通	嗯你好我要办理七十元基础套餐
查询流量	来电咨询
